"BROKEN","EPIC","FAILED","FEATURE","PASSED","SKIPPED","STORY","UNKNOWN"
"0","GitHub REST API","0","Repository API","5","0","Get a single repository","0"
"0","GitHub REST API","0","User API","6","0","Get public user profile","0"
"0","GitHub REST API","0","User API","2","0","Get authenticated user","0"
"0","GitHub REST API","0","Repository API","7","0","List public repos for a user","0"
"0","GitHub REST API","0","Issues API (write)","1","0","Update an issue","0"
"0","GitHub REST API","0","Issues API (write)","1","0","Close an issue","0"
"0","GitHub REST API","0","Labels API (write)","1","0","Update a label","0"
"0","GitHub REST API","0","Issues API","7","1","List repository issues","0"
"0","GitHub REST API","0","Issues API (write)","1","0","Read back a created issue","0"
"0","GitHub REST API","0","Issues API (write)","1","0","Create and delete a comment","0"
"0","GitHub REST API","0","User API","2","0","List user followers","0"
"0","GitHub REST API","0","Labels API (write)","1","0","Create a label","0"
"0","GitHub REST API","0","User API","1","0","List users followed","0"
"0","GitHub REST API","0","Labels API (write)","1","0","Delete a label","0"
"0","GitHub REST API","0","Issues API (write)","1","0","Create an issue","0"
"0","GitHub REST API","0","Repository API","1","0","Repository contributors","0"
"0","GitHub REST API","0","Issues API (write)","3","0","Reject invalid writes","0"
"0","GitHub REST API","0","Repository API","1","0","Repository topics","0"
"0","GitHub REST API","0","Repository API","1","0","Repository languages","0"
"0","GitHub REST API","0","Issues API","1","1","Get a single issue","0"
"0","GitHub REST API","0","Issues API","0","1","Issue comments","0"
"0","GitHub REST API","0","Repository API","1","0","List repos for nonexistent user","0"
"0","GitHub REST API","0","User API","1","0","List public emails","0"
